url,file_count,status
http://168.138.8.26,0,Success
http://148.135.84.141,0,Success
https://nas.deng.pub:15245,0,Success
http://101.230.76.7:8080,0,Failed/Timeout
https://144.24.76.113,0,Success
https://144.34.239.138,0,Success
https://112.126.78.233,0,Success
https://8.141.87.12,0,Success
https://120.48.166.211,0,Success
http://124.72.83.5:5678,0,Failed/Timeout
https://74.48.112.37,0,Success
https://pan.smallkun.cn,0,Success
https://205.185.117.35,0,Success
http://74.48.154.26:8080,0,Failed/Timeout
http://70.39.194.112:7777,0,Failed/Timeout
http://113.95.138.91:5678,0,Failed/Timeout
http://101.16.170.4:5678,0,Failed/Timeout
http://193.123.240.237:9090,0,Success
http://pan.bkstudio.cn,0,Success
https://47.108.168.249,0,Success
http://150.129.9.187:5678,0,Failed/Timeout
http://154.19.186.104:8080,0,Failed/Timeout
http://141.148.133.115,0,Failed/Timeout
http://117.72.10.34,0,Success
https://106.54.18.60,0,Failed/Timeout
http://34.80.98.106:8080,0,Failed/Timeout
http://103.149.26.54:7777,0,Failed/Timeout
https://47.98.114.46,0,Success
https://104.36.84.57,0,Success
https://1.116.231.110,0,Failed/Timeout
http://47.116.223.240:5678,0,Failed/Timeout
http://81.161.238.20,0,Failed/Timeout
http://221.196.4.84:5678,0,Failed/Timeout
http://139.9.117.31:5678,0,Failed/Timeout
http://119.177.79.191:5678,0,Failed/Timeout
http://182.126.137.32:5678,0,Failed/Timeout
http://39.75.46.28:9004,0,Failed/Timeout
http://60.211.110.242:5678,0,Failed/Timeout
http://raykie.cn:5244,0,Success
http://47.92.38.236,0,Failed/Timeout
http://123.147.68.132:7777,0,Failed/Timeout
http://116.62.45.222:5678,0,Failed/Timeout
https://47.109.57.133,0,Success
http://47.243.16.97:81,0,Success
http://122.246.78.57:5678,0,Failed/Timeout
http://217.142.188.5:4567,0,Failed/Timeout
http://116.234.55.147:10002,0,Failed/Timeout
http://118.180.136.158:7777,0,Failed/Timeout
http://149.28.203.62,0,Failed/Timeout
https://38.102.124.214,0,Success
http://183.128.210.177:5678,0,Failed/Timeout
https://115.60.221.241:7777,0,Success
https://104.168.64.161,0,Success
http://101.43.100.164,0,Success
https://47.240.35.33,0,Success
https://103.39.79.121,0,Failed/Timeout
http://47.99.91.33:8080,0,Success
https://193.122.116.175,0,Success
http://183.128.210.143:5678,0,Failed/Timeout
http://106.120.39.31:9003,0,Success
https://8.141.13.150,0,Success
https://155.248.197.115,0,Success
http://221.222.240.215:5678,0,Failed/Timeout
https://106.14.113.221,0,Failed/Timeout
https://154.201.86.230,0,Success
https://alist.oortpotato.top,0,Success
https://123.57.74.53,0,Failed/Timeout
https://106.55.156.147,0,Success
https://43.133.29.65,0,Success
http://182.105.123.3:50000,0,Success
http://mmdobest.synology.me:5678,0,Failed/Timeout
http://123.245.1.231:10000,0,Failed/Timeout
https://132.226.169.239:8080,0,Failed/Timeout
https://121.43.174.203,0,Success
https://pan.bkstudio.cn,0,Success
https://8.210.63.106,0,Success
https://82.156.231.141,0,Failed/Timeout
http://154.201.74.53:5000,0,Success
http://175.164.27.18:10000,0,Failed/Timeout
https://alist.chenchen.site,0,Failed/Timeout
http://116.168.195.240:5001,0,Failed/Timeout
https://pan.dumpapp.com,0,Success
http://175.3.235.253:5678,0,Failed/Timeout
http://8.138.234.74:5678,0,Failed/Timeout
http://47.94.82.79:7000,0,Failed/Timeout
http://8.133.193.221:20000,0,Success
http://202.112.51.239:5005,0,Failed/Timeout
https://jiaocheng.sdgom.com,0,Success
http://119.45.15.239:8080,0,Success
http://146.56.187.157:7777,0,Failed/Timeout
http://38.165.22.186:6007,0,Success
http://117.72.36.202,0,Failed/Timeout
http://122.157.74.131:9007,0,Failed/Timeout
https://nas.360wl.cn:5245,0,Success
https://47.243.226.34,0,Success
http://222.137.173.142:10001,0,Failed/Timeout
http://175.178.60.91,0,Success
http://118.180.136.186:7777,0,Failed/Timeout
https://219.157.190.32:7777,0,Success
https://149.56.242.120,0,Success
http://47.243.23.63:10002,0,Failed/Timeout
http://49.232.201.129:5678,0,Failed/Timeout
http://219.128.37.39:5678,0,Failed/Timeout
http://47.92.37.171:5678,0,Failed/Timeout
http://118.25.195.101,0,Success
http://171.213.176.153:8010,0,Failed/Timeout
http://119.88.169.134:5678,0,Failed/Timeout
https://150.109.22.175,0,Success
https://211.159.183.217,0,Failed/Timeout
http://117.36.231.119:5678,0,Failed/Timeout
http://101.37.37.42,0,Failed/Timeout
http://168.138.160.240:9527,0,Failed/Timeout
https://alist.homelabproject.cc,0,Success
http://47.109.19.71,0,Failed/Timeout
http://42.193.46.147:88,0,Success
https://107.173.84.98,0,Success
http://175.175.156.38:5678,0,Failed/Timeout
https://154.29.153.38:8080,0,Failed/Timeout
http://60.205.176.178:5678,0,Failed/Timeout
http://175.27.249.209,0,Success
http://202.194.101.175:8080,0,Failed/Timeout
https://107.172.60.39,0,Success
http://47.76.34.245:32770,0,Success
http://jy00336822.3322.org:5678,0,Failed/Timeout
https://216.234.140.51,0,Success
https://47.110.65.72,0,Failed/Timeout
http://43.161.251.112,0,Failed/Timeout
https://drive.eatkfcinmc.xyz,0,Success
http://39.96.195.220,0,Failed/Timeout
http://107.172.100.144:10000,0,Failed/Timeout
http://120.77.76.25:5678,0,Failed/Timeout
https://140.238.33.66,0,Success
http://101.34.214.48:4444,0,Failed/Timeout
http://38.207.130.77,0,Failed/Timeout
http://121.89.92.65,0,Failed/Timeout
http://216.167.125.85:18080,0,Success
http://117.29.140.46:7777,0,Failed/Timeout
http://58.37.225.18:5678,0,Failed/Timeout
http://43.142.168.57,0,Failed/Timeout
https://124.222.14.145,0,Failed/Timeout
https://106.14.89.202,0,Success
https://47.115.89.239,0,Success
https://110.42.33.134,0,Failed/Timeout
https://117.72.151.156,0,Failed/Timeout
https://alist.sukeu.com,0,Success
https://101.43.108.76,0,Success
http://27.156.64.55:9004,0,Failed/Timeout
http://113.120.170.2:5678,0,Failed/Timeout
http://39.106.83.143,0,Success
https://117.72.80.123,0,Success
https://89.116.44.145:8080,0,Failed/Timeout
https://47.117.186.193,0,Success
http://47.242.169.118:8080,0,Success
http://162.213.253.133,0,Failed/Timeout
http://1.202.50.123:20000,0,Success
http://123.56.7.106:9000,0,Success
http://alist.tmgm.ink,0,Success
http://221.219.77.130:8092,0,Failed/Timeout
http://43.142.43.120:8000,0,Success
https://124.156.159.68:8443,0,Success
http://140.245.114.137,0,Success
http://146.56.162.248:9090,0,Success
https://file.homelabproject.cc,0,Success
https://141.148.174.146,0,Success
https://158.101.16.33,0,Success
http://182.117.197.15:5000,0,Failed/Timeout
http://107.174.246.131:8082,0,Success
https://139.129.166.202,0,Failed/Timeout
http://118.89.115.134:5678,0,Failed/Timeout
http://ikun.hcmc.icu:20000,0,Success
https://111.229.103.123,0,Failed/Timeout
http://123.57.205.47:8000,0,Failed/Timeout
http://168.138.160.113:8080,0,Failed/Timeout
https://141.98.196.63,0,Success
https://114.80.44.153,0,Failed/Timeout
https://116.233.30.117:9999,0,Failed/Timeout
http://222.129.142.43:5678,0,Failed/Timeout
https://82.156.149.195,0,Success
http://178.16.43.129:8080,0,Failed/Timeout
http://180.141.152.23:8885,0,Failed/Timeout
http://120.195.128.233:8083,0,Success
http://112.80.80.40:5678,0,Failed/Timeout
http://180.126.232.4:5678,0,Success
https://146.56.37.168:8080,0,Success
https://47.236.182.67,0,Success
http://171.83.58.77:5678,0,Failed/Timeout
http://101.68.202.23:5678,0,Success
http://bj.xiaoyan159.space:5344,0,Success
https://85.93.9.82,0,Success
https://159.138.98.12,0,Success
http://125.104.2.222:7878,0,Failed/Timeout
http://58.247.136.26:5007,0,Success
https://47.115.160.180,0,Success
http://pan.uchenu.com,0,Success
http://jennyhome.synology.me:5044,0,Success
http://59.110.140.36:5678,0,Failed/Timeout
https://146.56.248.78,0,Success
http://47.104.157.47:5678,0,Failed/Timeout
http://124.164.26.215:10000,0,Failed/Timeout
https://110.42.109.168,0,Failed/Timeout
http://175.178.117.114:5678,0,Success
https://47.122.42.101,0,Failed/Timeout
http://123.157.57.163:5678,0,Failed/Timeout
http://111.199.233.22:20000,0,Success
http://221.235.238.166:10002,0,Failed/Timeout
http://47.107.48.145:8001,0,Success
https://38.207.174.186,0,Success
http://alist.chenchen.site,0,Failed/Timeout
http://172.93.221.47:30001,0,Success
https://175.178.220.28,0,Success
http://114.33.83.244:9999,0,Failed/Timeout
https://45.33.45.143:8443,0,Success
http://222.136.34.42:7878,0,Failed/Timeout
http://113.95.147.165:9999,0,Failed/Timeout
https://8.130.103.150,0,Success
http://139.196.48.8:5678,0,Failed/Timeout
http://155.248.214.12:9527,0,Failed/Timeout
https://47.113.113.149,0,Failed/Timeout
http://pan.smallkun.cn,0,Success
https://47.104.64.85,0,Success
http://123.181.6.4:7777,0,Success
http://220.176.26.35:5678,0,Failed/Timeout
https://47.238.46.254,0,Success
https://58.35.115.136:5555,0,Failed/Timeout
http://106.54.42.253,0,Success
https://47.239.213.64,0,Success
http://117.50.199.26:15244,3,Success
https://47.243.96.46,0,Success
https://132.226.238.241,0,Success
http://112.227.236.56:7878,0,Failed/Timeout
http://47.108.211.189,0,Success
http://36.106.40.242:5678,0,Failed/Timeout
http://124.222.196.128:5678,0,Success
http://123.56.20.138,0,Success
https://111.229.120.70,0,Failed/Timeout
https://141.98.197.102:7443,0,Success
http://101.133.226.2:9999,0,Success
http://218.1.146.178:5678,0,Failed/Timeout
http://47.108.249.117:10001,0,Failed/Timeout
https://107.189.7.215,0,Success
https://183.184.16.208:5678,0,Failed/Timeout
http://113.105.181.206:9000,0,Success
http://42.202.17.14:6699,0,Success
https://152.70.107.36,0,Success
http://119.23.55.154,0,Failed/Timeout
http://130.162.129.70,0,Success
http://129.150.45.13:8080,0,Failed/Timeout
http://153.34.220.249:5678,0,Success
http://183.6.111.162:666,0,Success
http://106.75.230.37,0,Failed/Timeout
http://120.26.66.68:8008,0,Success
https://www.bx02.icu:6010,0,Success
http://183.6.116.135:5244,0,Success
http://8.137.151.10:8080,0,Success
https://141.98.197.102,0,Success
https://43.231.165.86,0,Failed/Timeout
http://8.130.97.224:8080,0,Failed/Timeout
https://132.145.213.133,0,Success
http://43.139.25.71:8080,0,Failed/Timeout
https://47.244.111.211,0,Success
http://42.193.16.82,0,Failed/Timeout
https://124.222.35.73,0,Failed/Timeout
https://103.136.146.29,0,Success
http://192.184.196.108:9999,0,Failed/Timeout
http://115.190.161.36,0,Failed/Timeout
https://142.171.66.197,0,Success
http://jennyhome.synology.me:5045,0,Success
https://101.43.134.54,0,Success
https://113.207.49.5,0,Success
https://pan.115vip.shop,0,Success
http://47.122.17.170:9005,0,Success
http://128.199.136.111,0,Success
https://47.100.98.134,0,Failed/Timeout
http://117.50.193.50:5678,0,Success
http://163.142.185.95:5678,0,Success
http://27.152.156.160:5678,0,Failed/Timeout
https://pan.ios222.com,0,Success
https://130.162.129.70,0,Success
https://alist.tmgm.ink,0,Success
https://154.37.216.229,0,Success
http://180.105.103.180:5678,0,Failed/Timeout
https://43.134.188.216,0,Success
http://183.133.70.1:5678,0,Success
https://119.91.29.250,0,Failed/Timeout
http://106.12.11.147:5678,0,Failed/Timeout
http://128.199.151.161,0,Failed/Timeout
http://8.137.151.201:5244,0,Success
http://27.9.125.51:5678,0,Failed/Timeout
http://47.116.125.226:10001,0,Failed/Timeout
http://171.213.159.6:5678,0,Success
https://185.242.232.173,0,Success
http://118.143.39.139:9002,0,Success
http://49.77.193.25:5678,0,Success
http://8.138.94.8:8080,0,Failed/Timeout
http://106.35.28.26:5678,0,Success
http://124.220.48.84,0,Success
https://alist.yyaan.top,0,Success
http://alist.sukeu.com,0,Success
https://47.115.146.53,0,Failed/Timeout
http://pan.angyang.icu,0,Success
https://8.134.75.121,0,Success
http://45.33.45.143,0,Success
http://101.37.19.205:5678,0,Failed/Timeout
http://39.106.41.233,0,Success
http://122.245.34.217:5678,0,Failed/Timeout
http://139.224.115.180:9999,0,Failed/Timeout
http://138.2.115.6,0,Success
http://106.53.104.66:5236,0,Success
http://218.28.112.170:5555,0,Failed/Timeout
http://120.25.232.244:8880,0,Success
https://pan.angyang.icu,0,Success
https://155.117.42.142,0,Success
https://47.251.7.109,0,Success
http://117.13.243.105:5678,0,Success
http://8.133.22.131:10000,0,Failed/Timeout
http://47.106.172.53:8080,0,Failed/Timeout
http://mrjoye.familyds.com:5678,0,Failed/Timeout
http://125.78.42.122:7878,1,Success
http://14.127.207.125:5678,0,Success
http://117.50.199.26:5244,0,Success
http://175.43.224.52:5678,0,Failed/Timeout
http://119.45.250.85:5678,0,Success
http://118.248.170.141:5678,0,Success
http://67.218.158.220,0,Success
http://113.224.88.192:5678,0,Success
https://xz.44sh.cn,0,Success
http://vultr.a-1s.com:5244,0,Success
http://220.170.216.125:5678,0,Failed/Timeout
https://148.135.84.141,0,Success
http://220.175.91.147:5678,0,Success
http://27.18.81.187:5678,0,Success
https://45.77.200.196,0,Success
http://124.134.242.130:4567,0,Success
http://114.225.236.228:5678,0,Failed/Timeout
http://222.83.156.220:5678,0,Failed/Timeout
http://118.25.145.11:88,0,Success
http://193.23.118.79:8080,0,Failed/Timeout
http://8.138.253.242:8888,0,Success
http://152.69.202.41:8880,0,Success
http://182.119.18.111:5678,0,Success
http://middns.xuhehuan.com:5244,0,Success
https://120.196.60.83:2083,0,Success
https://123.207.197.64,0,Success
https://39.85.180.74:10002,0,Failed/Timeout
http://39.106.27.19:5678,0,Failed/Timeout
https://122.152.235.95,0,Success
http://136.248.242.116:8083,0,Success
https://35.206.195.209,0,Success
https://39.106.41.233,0,Success
http://59.39.225.208:5678,0,Success
http://119.4.24.94:5678,0,Success
https://138.2.125.16:2053,0,Success
http://43.128.26.248:81,0,Success
http://dhamma.cloud,0,Success
https://pan.pkq7.cn,0,Success
https://117.72.39.169,0,Failed/Timeout
http://110.40.191.138,0,Success
http://114.216.108.101:5678,0,Success
http://115.171.90.8:5678,0,Success
http://218.1.149.0:5678,0,Success
http://www.nullcloud.top,0,Success
https://140.245.36.103,0,Success
https://dhamma.cloud,0,Success
http://193.122.118.164:8000,0,Success
http://14.216.163.27:5678,0,Success
https://drive.xenosp.cn,0,Success
https://64.181.190.142:2083,0,Success
https://84.54.3.220,0,Success
http://118.122.17.180:5678,0,Success
http://113.85.138.3:901,0,Success
http://175.0.71.133:7777,0,Success
https://60.205.14.56,0,Success
http://8.153.166.8:7878,0,Success
http://58.215.217.206:18080,0,Success
https://84.54.2.239,0,Success
https://alistrn2.hwb0307.com,0,Success
http://58.33.172.51:5678,0,Success
http://175.0.66.236:5678,0,Success
http://121.224.109.53:5678,0,Success
http://59.39.226.226:5678,0,Success
http://61.150.11.110:5678,0,Success
http://122.234.11.234:5678,0,Success
https://38.147.185.13,0,Success
http://49.69.77.191:5678,0,Success
http://144.255.147.90:876,0,Success
http://118.113.59.13:5678,0,Success
http://220.190.48.87:5678,0,Success
http://dnbllgtm.x3322.net:5244,0,Success
http://43.128.26.248,0,Success
http://171.213.152.89:5678,0,Success
https://124.221.124.3,0,Success
http://58.240.1.186:5678,0,Success
https://120.26.66.68:8009,0,Success
http://120.26.201.201,0,Success
https://27.42.165.121:1688,0,Failed/Timeout
https://193.123.237.119,0,Failed/Timeout
https://ipas.ic-market.top,0,Failed/Timeout
https://148.135.6.239,0,Failed/Timeout
http://119.163.196.146:8989,0,Failed/Timeout
https://154.40.35.180,0,Failed/Timeout
http://218.76.165.27:88,0,Failed/Timeout
https://216.73.157.44,0,Failed/Timeout
https://24.93.182.18,0,Failed/Timeout
http://47.117.1.8,0,Failed/Timeout
http://alist.140960.xyz,0,Failed/Timeout
http://183.95.100.3:88,0,Failed/Timeout
https://158.101.4.25,0,Failed/Timeout
https://34.92.121.55,0,Failed/Timeout
https://alist.140960.xyz,0,Failed/Timeout
http://pan.yucheng.tv,0,Failed/Timeout
https://79.99.78.10,0,Failed/Timeout
http://119.91.219.187,0,Failed/Timeout
https://alist.hk.lizf.cn,0,Failed/Timeout
http://rel-l.top,0,Failed/Timeout
https://154.219.118.157,0,Failed/Timeout
http://47.108.129.19,0,Failed/Timeout
https://38.47.107.159,0,Failed/Timeout
https://204.152.198.173,0,Failed/Timeout
http://47.83.157.204:36081,0,Failed/Timeout
https://154.201.67.122,0,Failed/Timeout
https://193.123.85.183,0,Failed/Timeout
https://164.152.19.201,0,Failed/Timeout
http://38.47.107.159,0,Failed/Timeout
https://119.45.170.211:8443,0,Failed/Timeout
https://93.93.116.119,0,Failed/Timeout
http://171.95.23.159:88,0,Failed/Timeout
https://47.83.157.204,0,Failed/Timeout
https://47.116.14.121:8443,0,Failed/Timeout
https://47.117.1.8,0,Failed/Timeout
https://107.148.91.225,0,Failed/Timeout
https://yun.daoker.cc,0,Failed/Timeout
https://47.76.189.197,0,Failed/Timeout
http://192.18.148.127,0,Failed/Timeout
http://yun.daoker.cc,0,Failed/Timeout
https://156.224.78.205,0,Failed/Timeout
https://205.185.119.127,0,Failed/Timeout
https://rel-l.top,0,Failed/Timeout
https://pan.yucheng.tv,0,Failed/Timeout
https://193.200.130.220,0,Failed/Timeout
https://47.239.18.49,0,Failed/Timeout
https://47.116.119.109,0,Failed/Timeout
https://38.207.171.106,0,Failed/Timeout
http://114.246.207.186:9000,0,Failed/Timeout
https://42.193.1.39,0,Failed/Timeout
https://132.145.124.236,0,Failed/Timeout
http://79.99.78.10,0,Failed/Timeout
http://pan.nbvil.com,0,Failed/Timeout
http://47.121.196.239:8088,0,Failed/Timeout
https://124.222.37.246,0,Failed/Timeout
https://156.254.114.150,0,Failed/Timeout
https://139.185.32.228,0,Failed/Timeout
http://182.135.1.58:8888,0,Failed/Timeout
https://24.18.156.162,0,Failed/Timeout
https://119.29.147.214,0,Failed/Timeout
http://alist.manmansk8.club,0,Failed/Timeout
https://27.109.210.69,0,Failed/Timeout
https://59.110.14.40,0,Failed/Timeout
http://153.99.141.172:2223,0,Failed/Timeout
http://168.138.161.186,0,Failed/Timeout
http://58.35.54.82:1024,0,Failed/Timeout
https://70.26.67.201,0,Failed/Timeout
http://223.166.31.8:2082,0,Failed/Timeout
https://198.44.170.68,0,Failed/Timeout
https://15.235.206.230,0,Failed/Timeout
http://129.153.49.43:7443,0,Failed/Timeout
http://47.122.2.96:5003,0,Failed/Timeout
https://47.101.196.211,0,Failed/Timeout
http://154.40.45.51:8000,0,Failed/Timeout
http://43.242.193.19:5244,0,Failed/Timeout
