仓库名称,发现节点数量
ifwerez/proxy-config-builder,2247
Firmfox/Proxify,1292
kort0881/vpn-vless-configs-russia,484
idtheo/V2Ray-CleanIPs-Servers,415
wenxig/free-nodes-sub,368
xiaoji235/airport-free,289
miladtahanian/Config-Collector,285
v2rayCrow/Sub-Link-Output,255
Devindan/EasyV2raySub,185
Pawdroid/Free-servers,80
MustafaBaqer/VestraNet-Nodes,71
Au1rxx/free-vpn-subscriptions,31
gslege/CloudflareIP,20
FreeFolksOn/abc-configs-free-vpn-proxy-list,7
junjun266/FreeProxyGo,6
WLget/V2Ray_configs_64,2
sinavm/SVM,0
Aman9690/clash-config-editor,0
mapleafgo/singcast-cli,0
elly5490/telegram-proxy,0
SaharSaam/juziyun,0
Vanic24/VPN,0
justjavac/moonbit-windows-subsystem,0
GameFrameX/com.gameframex.unity.json.simplejson,0
inkandswitch/subduction,0
